id,revenue
3001,41126668.3
3002,8059270.0
3003,6391323.0
3004,59905678.6
3005,1899561.6
3006,8625772.4
3007,3529008.2
3008,104112643.3
3009,95463200.7
3010,209418533.7
3011,5617448.9
3012,2420420.3
3013,59514417.9
3014,7463422.5
3015,78104409.6
3016,14364085.3
3017,149183501.2
3018,139591765.0
3019,14797816.7
3020,483545765.8
3021,140746868.3
3022,79995407.9
3023,6724874.7
3024,132346020.6
3025,2298552.0
3026,35157532.4
3027,5985586.3
3028,107157101.5
3029,27846378.8
3030,38573880.0
3031,30139641.5
3032,3113636.5
3033,3914400.3
3034,5232852.2
3035,9432128.3
3036,43082477.4
3037,68188805.9
3038,144425996.0
3039,90916135.3
3040,13876257.8
3041,70901778.9
3042,18746384.9
3043,45356684.8
3044,9944836.5
3045,480451910.5
3046,4069247.0
3047,40444679.0
3048,79351611.3
3049,49839264.7
3050,168772546.0
3051,4397973.6
3052,84633341.2
3053,2084433.0
3054,2510917.4
3055,54700188.7
3056,5192532.2
3057,71552788.0
3058,408210075.6
3059,3491952.7
3060,74414298.1
3061,153154968.9
3062,34503082.1
3063,104592687.8
3064,87822947.9
3065,76408595.1
3066,112044935.5
3067,15396527.7
3068,104042935.0
3069,258103791.7
3070,2169362.5
3071,31414100.7
3072,553061184.0
3073,3727828.7
3074,2856360.1
3075,96632161.7
3076,261874817.4
3077,152168845.9
3078,153998276.4
3079,107231768.8
3080,157245385.3
3081,41966413.4
3082,85198320.5
3083,57494147.8
3084,5533151.6
3085,42223158.3
3086,74449678.1
3087,7655479.7
3088,5490377.1
3089,6819709.4
3090,87607697.0
3091,32583230.6
3092,35793919.9
3093,165535567.2
3094,78580065.6
3095,120506339.0
3096,16105662.9
3097,506783408.7
3098,30378411.5
3099,64063110.9
3100,21607408.8
3101,29133716.4
3102,36708404.8
3103,4165271.7
3104,5324069.5
3105,118158953.6
3106,62096195.8
3107,78463759.8
3108,20093549.5
3109,17831380.8
3110,433529873.3
3111,47412975.0
3112,1530891.5
3113,30422269.1
3114,67857466.4
3115,63160421.2
3116,4422379.8
3117,16342304.4
3118,7884101.6
3119,185665334.5
3120,253891315.8
3121,36639152.9
3122,8639794.7
3123,46467323.4
3124,14543626.8
3125,7319994.9
3126,88230145.1
3127,17170266.4
3128,67316927.4
3129,216634269.3
3130,13176454.7
3131,7189008.0
3132,6132433.1
3133,1056832.4
3134,18662621.0
3135,30676963.4
3136,15686083.7
3137,134616665.3
3138,5476746.2
3139,56535281.2
3140,123442170.3
3141,66836017.2
3142,10007772.1
3143,111883724.2
3144,73702343.7
3145,58348683.2
3146,1540866.9
3147,29175160.7
3148,13266480.4
3149,96713520.6
3150,159932851.4
3151,34793947.0
3152,75140308.2
3153,20816662.3
3154,25882070.5
3155,82673447.0
3156,68546798.7
3157,33849877.1
3158,188335519.9
3159,27953609.4
3160,16467600.3
3161,1568108.9
3162,26956239.1
3163,43146820.5
3164,8570128.7
3165,5810004.1
3166,950010.8
3167,81278944.0
3168,6018029.2
3169,47171676.2
3170,23786979.1
3171,9623993.6
3172,94418730.2
3173,1238366.8
3174,10970220.0
3175,44996860.2
3176,48265054.8
3177,114680345.1
3178,20313669.8
3179,6581934.6
3180,37185018.9
3181,6570311.9
3182,196771889.5
3183,37665376.8
3184,48378544.0
3185,141675374.8
3186,103353038.7
3187,24316173.2
3188,75974933.6
3189,94666517.6
3190,155167786.6
3191,32433571.0
3192,61623989.9
3193,297371564.8
3194,95461350.2
3195,3795618.8
3196,18270646.9
3197,35274230.0
3198,141096862.9
3199,244373481.0
3200,62562034.9
3201,41759430.8
3202,2865830.4
3203,16683307.8
3204,3606929.5
3205,1511731.5
3206,95657188.5
3207,80232801.1
3208,32348057.4
3209,15668583.3
3210,587731306.7
3211,8499694.8
3212,106711232.4
3213,111977882.0
3214,18986539.8
3215,8250925.3
3216,28515717.3
3217,502816914.5
3218,51019145.8
3219,9142826.3
3220,151901948.1
3221,11236161.0
3222,21625128.7
3223,28055538.2
3224,16530748.9
3225,7330252.0
3226,21420500.5
3227,91466613.3
3228,94558851.9
3229,124057183.5
3230,35321280.4
3231,53191766.3
3232,27870734.2
3233,59175587.9
3234,14534169.9
3235,88143604.6
3236,2079058.4
3237,83244291.8
3238,15459870.5
3239,25423072.7
3240,275918647.7
3241,9982164.9
3242,8169170.9
3243,5841364.6
3244,6777309.4
3245,18072337.8
3246,85338407.8
3247,37263603.5
3248,73293203.3
3249,44875806.1
3250,251501659.4
3251,4646599.4
3252,49483107.7
3253,44321768.3
3254,4734183.8
3255,1362038.3
3256,70242669.2
3257,43141353.4
3258,23022013.6
3259,64255811.0
3260,3222072.5
3261,375445647.4
3262,34750902.7
3263,18394906.8
3264,1029872.1
3265,10853527.2
3266,10639587.7
3267,46317188.2
3268,463835.0
3269,66703293.3
3270,52270390.7
3271,17050377.2
3272,74041978.2
3273,71417770.8
3274,296024755.2
3275,150039029.8
3276,7573548.7
3277,19092152.8
3278,70291409.6
3279,59963595.2
3280,359645749.0
3281,963974.9
3282,2982868.6
3283,473225550.1
3284,52778810.9
3285,107588763.2
3286,2251893.7
3287,10088096.8
3288,80917181.8
3289,87068007.6
3290,68940566.8
3291,16119431.7
3292,283588707.9
3293,79593982.5
3294,48625031.7
3295,12985834.3
3296,10252491.9
3297,950651.2
3298,51642560.3
3299,10121398.8
3300,82972283.0
3301,1126373.4
3302,15317510.7
3303,34923582.2
3304,8993652.6
3305,38412417.5
3306,9273905.3
3307,80158132.0
3308,69876527.8
3309,22078841.9
3310,26574375.9
3311,41169292.7
3312,107261414.2
3313,85478288.2
3314,52739611.2
3315,54920527.1
3316,75859518.4
3317,7244664.2
3318,1058799.3
3319,15767545.1
3320,72934507.0
3321,5274972.1
3322,38275205.3
3323,179215949.1
3324,16482345.3
3325,112123066.0
3326,167882053.0
3327,57414198.9
3328,31628034.1
3329,12130110.5
3330,122667780.7
3331,25149312.0
3332,74445285.3
3333,223414219.4
3334,26781491.3
3335,87880773.3
3336,19112251.7
3337,2385546.4
3338,60829764.8
3339,9806672.6
3340,152362331.7
3341,22217866.6
3342,128224364.6
3343,89506502.4
3344,5610067.2
3345,37452478.3
3346,95581122.5
3347,1525895.5
3348,18837635.3
3349,107662491.0
3350,196480872.1
3351,58380154.8
3352,7107957.1
3353,77896782.9
3354,38434653.2
3355,6189923.4
3356,83527917.7
3357,11435106.7
3358,10960160.3
3359,91960406.6
3360,9338148.6
3361,146062347.2
3362,19798825.7
3363,42365553.3
3364,33211012.9
3365,2387359.8
3366,125039508.8
3367,125678488.6
3368,2287063.9
3369,76956412.3
3370,71159607.1
3371,100736804.3
3372,39482261.5
3373,148331990.9
3374,18561286.6
3375,75360393.9
3376,70778823.3
3377,65656859.7
3378,60215187.6
3379,210986021.3
3380,58485613.4
3381,11866750.7
3382,1219883.8
3383,10621337.5
3384,106872816.5
3385,120658087.9
3386,5582559.3
3387,65163790.9
3388,130964265.4
3389,704452641.1
3390,13502768.5
3391,28964811.8
3392,16384839.6
3393,21020952.0
3394,93159617.7
3395,118691259.0
3396,13252779.6
3397,4806582.0
3398,252312590.7
3399,119720898.1
3400,36740048.2
3401,36493119.3
3402,8172643.2
3403,21387461.4
3404,20807036.1
3405,82657137.3
3406,246283495.6
3407,214722282.0
3408,82965889.2
3409,53679609.0
3410,71103350.4
3411,128271024.7
3412,67789752.6
3413,33682558.2
3414,1694052.3
3415,28439321.1
3416,129242711.5
3417,116411365.9
3418,38903056.9
3419,295653203.5
3420,20338414.6
3421,41797989.1
3422,5712426.7
3423,420316173.6
3424,33428246.4
3425,9020381.6
3426,43461883.9
3427,90421714.4
3428,6865055.2
3429,45714961.9
3430,697839477.4
3431,4705300.3
3432,81267848.1
3433,8775845.1
3434,34326428.9
3435,290684560.5
3436,147439849.3
3437,9110909.3
3438,35256377.3
3439,199676085.1
3440,85549173.3
3441,77428627.4
3442,3596371.1
3443,4032848.0
3444,4856322.2
3445,82521371.0
3446,739246.6
3447,26254350.9
3448,65099139.4
3449,33202647.3
3450,99721856.4
3451,76597558.6
3452,83396963.9
3453,107372836.6
3454,31967338.6
3455,8577336.6
3456,94467775.2
3457,97643710.5
3458,57539293.3
3459,447912664.5
3460,96546938.5
3461,27818953.3
3462,91702141.0
3463,43156847.3
3464,2321987.5
3465,55347236.6
3466,128176608.0
3467,9690977.1
3468,146005498.3
3469,33252912.7
3470,1873547.7
3471,62639910.7
3472,7213287.5
3473,67920928.0
3474,38535693.6
3475,225781414.5
3476,11737086.3
3477,81077719.0
3478,9682115.8
3479,223282372.3
3480,31331946.6
3481,2763787.8
3482,3739450.8
3483,5814747.3
3484,19939087.3
3485,84354078.8
3486,149912148.3
3487,148376592.3
3488,142687270.9
3489,4416735.3
3490,73840077.5
3491,52529098.4
3492,2057346.2
3493,137117080.4
3494,83725429.5
3495,91928998.4
3496,11708028.2
3497,84670385.0
3498,17325343.2
3499,34492021.3
3500,1487039.0
3501,141483503.5
3502,108943669.6
3503,45237090.6
3504,82090212.2
3505,14516623.0
3506,84364778.0
3507,267042351.2
3508,9338148.6
3509,66740543.4
3510,40090264.0
3511,13437728.7
3512,113818477.6
3513,48736900.2
3514,52639548.2
3515,34915349.5
3516,16341714.0
3517,725066681.8
3518,56855525.2
3519,21965074.4
3520,24299586.7
3521,22735675.6
3522,21476990.7
3523,56221944.7
3524,81645849.5
3525,178530550.1
3526,72231781.2
3527,39286472.7
3528,61224639.9
3529,442679788.9
3530,16172016.7
3531,152846476.4
3532,93281651.8
3533,80919416.6
3534,19014952.7
3535,160637113.3
3536,17133441.8
3537,76847756.2
3538,200627610.3
3539,114569045.1
3540,81666825.4
3541,113686534.5
3542,35113857.3
3543,810409.2
3544,55324159.2
3545,15339908.0
3546,15255336.8
3547,122235871.9
3548,299663612.6
3549,3282886.4
3550,360415992.6
3551,94401641.7
3552,145476833.2
3553,116462838.5
3554,111147224.1
3555,144117038.0
3556,70890467.8
3557,82083217.2
3558,175492057.8
3559,87915522.0
3560,2534856.1
3561,67095637.4
3562,21512942.0
3563,29365865.2
3564,7019446.9
3565,11069252.7
3566,154853326.0
3567,50710454.7
3568,17739031.2
3569,87920071.2
3570,7786043.9
3571,59716792.7
3572,278926900.1
3573,9057127.9
3574,50463209.6
3575,25108488.1
3576,73850083.2
3577,36269701.5
3578,62227068.8
3579,82392939.1
3580,34026650.8
3581,34840278.3
3582,141824161.8
3583,4621372.7
3584,44214428.6
3585,143946862.5
3586,55683785.2
3587,18707603.6
3588,9288079.0
3589,56144524.6
3590,46790073.1
3591,260232851.3
3592,28583849.2
3593,2632322.1
3594,5814977.5
3595,38368645.4
3596,74676780.4
3597,14101875.4
3598,119580445.0
3599,59028348.7
3600,4164685.6
3601,14006237.3
3602,2751521.6
3603,38293155.2
3604,9928122.2
3605,44234205.3
3606,17580654.0
3607,171400818.7
3608,124272651.9
3609,32580717.0
3610,122689895.6
3611,1915172.2
3612,50869656.5
3613,16875020.0
3614,137718233.2
3615,140151699.2
3616,146332307.4
3617,28745941.6
3618,123764688.8
3619,1900545.8
3620,185603491.4
3621,194736785.4
3622,200072610.4
3623,108178353.7
3624,13986610.2
3625,7581908.5
3626,84097757.8
3627,101697340.3
3628,635030349.9
3629,10149442.8
3630,2882953.4
3631,171840771.2
3632,22567416.2
3633,53718742.6
3634,2314259.0
3635,17066583.0
3636,35429162.0
3637,1299011.9
3638,54045816.6
3639,117124328.7
3640,163831874.6
3641,30350721.7
3642,27853133.7
3643,18000350.0
3644,29419082.4
3645,79420599.6
3646,61753228.3
3647,127471835.9
3648,8011391.2
3649,13736507.8
3650,37126447.9
3651,563561305.5
3652,43987346.3
3653,186630304.1
3654,49352377.7
3655,93260522.8
3656,17845891.8
3657,1472233.4
3658,13404911.7
3659,174851459.5
3660,197378510.5
3661,23617223.2
3662,52458725.6
3663,387860909.0
3664,8145021.1
3665,6667022.3
3666,13890602.5
3667,165001538.2
3668,53504787.4
3669,14193319.9
3670,72108509.9
3671,32622630.6
3672,9377183.6
3673,82216186.6
3674,73188916.3
3675,439094289.4
3676,104687894.4
3677,42619657.6
3678,56788924.7
3679,30905652.9
3680,18399632.4
3681,11915000.5
3682,132855192.4
3683,11789122.1
3684,91195651.0
3685,111085204.8
3686,27958939.7
3687,150865647.8
3688,6065025.4
3689,16282854.6
3690,77017465.9
3691,2521359.2
3692,6556387.6
3693,103521127.9
3694,132704297.0
3695,66839910.6
3696,29507089.4
3697,58637808.2
3698,84768389.5
3699,28194358.5
3700,38461086.5
3701,40743557.6
3702,415641.1
3703,69772271.1
3704,99137771.8
3705,76360276.7
3706,47275577.7
3707,5997463.5
3708,32344665.0
3709,233563492.9
3710,42351506.5
3711,7436257.5
3712,87985885.9
3713,106173812.8
3714,1350710.9
3715,36766703.2
3716,21725369.2
3717,1666178.4
3718,34679310.6
3719,89116705.2
3720,9401596.5
3721,726158.3
3722,52697144.4
3723,2429103.1
3724,28650752.5
3725,47204028.9
3726,28772490.5
3727,95853790.6
3728,170500737.4
3729,12581577.8
3730,93889968.5
3731,141611518.9
3732,3627682.5
3733,200383616.3
3734,415363049.7
3735,55613741.3
3736,24172564.1
3737,13071815.5
3738,1637254.9
3739,19783472.0
3740,70610123.1
3741,60288054.7
3742,93894599.0
3743,45668854.5
3744,183855344.8
3745,102321988.1
3746,121970226.1
3747,7414242.9
3748,26374768.5
3749,6150026.2
3750,4510716.5
3751,47787421.5
3752,11048639.3
3753,15874092.9
3754,99465132.4
3755,127219526.1
3756,44520064.3
3757,257826005.2
3758,94007730.0
3759,7985528.2
3760,200969893.9
3761,65257907.1
3762,260577891.4
3763,28513242.9
3764,125194480.0
3765,11327665.9
3766,32349378.1
3767,48244291.3
3768,8351884.8
3769,8304594.8
3770,28411040.0
3771,110608650.3
3772,23252931.3
3773,78628085.2
3774,22138722.9
3775,204298596.9
3776,85677991.0
3777,8231628.0
3778,5939386.0
3779,36695510.2
3780,1756808.9
3781,87147620.0
3782,3444652.0
3783,28770886.3
3784,30429321.1
3785,275858561.0
3786,52125512.8
3787,157084904.0
3788,394419917.3
3789,21613683.8
3790,13924200.6
3791,66622344.1
3792,9505787.7
3793,7815422.8
3794,2676758.8
3795,356337696.8
3796,56945742.3
3797,55313047.9
3798,48015071.3
3799,18705329.8
3800,3388696.0
3801,47699648.4
3802,2557122.9
3803,42064778.5
3804,1403975.8
3805,4885223.7
3806,140537464.2
3807,10288356.8
3808,14505078.7
3809,67811687.6
3810,16944781.0
3811,31669785.5
3812,9219265.6
3813,2023830.9
3814,5440609.6
3815,40862863.8
3816,139870548.0
3817,109172510.6
3818,109885502.1
3819,47662848.2
3820,88640556.5
3821,143542107.8
3822,64827981.9
3823,60781535.6
3824,43815146.7
3825,26652009.2
3826,90042854.1
3827,83685694.2
3828,19369762.2
3829,5754434.6
3830,121924499.0
3831,2235934.6
3832,135179910.1
3833,41043435.8
3834,24741665.9
3835,9375908.9
3836,17887446.2
3837,74792846.9
3838,136346680.3
3839,19445291.1
3840,37090749.0
3841,5218954.8
3842,13482662.4
3843,54983069.9
3844,1645195.8
3845,912044.4
3846,12678991.8
3847,5112417.8
3848,8166362.9
3849,135923567.9
3850,38345774.0
3851,100744798.1
3852,57351570.6
3853,161630562.2
3854,7557133.1
3855,2328101.9
3856,20058898.2
3857,370328606.4
3858,2277745.6
3859,15729683.9
3860,99622769.0
3861,42915779.0
3862,10180084.3
3863,83475496.6
3864,84773538.6
3865,72730215.3
3866,11159604.1
3867,63398157.9
3868,23491212.4
3869,71299922.1
3870,108643099.3
3871,477407393.6
3872,32722949.8
3873,64920646.0
3874,10116106.9
3875,49956790.9
3876,955936.5
3877,106802741.7
3878,106875000.6
3879,389775877.3
3880,57991834.9
3881,5347331.3
3882,44857030.7
3883,28644497.6
3884,138133897.2
3885,57852563.3
3886,80587370.5
3887,21934362.3
3888,8502829.3
3889,19216883.9
3890,142442050.3
3891,5937812.7
3892,27058742.3
3893,292652527.9
3894,112523795.8
3895,55929294.9
3896,67061327.8
3897,38275205.3
3898,73187346.1
3899,459518707.0
3900,148821954.1
3901,24413401.5
3902,6257250.1
3903,12742957.5
3904,14251548.9
3905,25739997.3
3906,81321664.8
3907,28158837.4
3908,32516796.2
3909,1872819.5
3910,45256038.8
3911,2840251.4
3912,11826462.3
3913,71034238.1
3914,44354121.0
3915,153270751.3
3916,10639587.7
3917,20242336.1
3918,14556084.8
3919,137543491.8
3920,49239229.7
3921,1573992.9
3922,59332423.4
3923,87192471.3
3924,55707223.8
3925,244373481.0
3926,3712822.9
3927,96773124.6
3928,107880729.2
3929,64961183.5
3930,37528280.2
3931,58860774.8
3932,11892042.2
3933,68169846.2
3934,99019798.0
3935,1810778.3
3936,37304466.6
3937,187031285.2
3938,31754443.1
3939,48652529.1
3940,37714532.1
3941,53415712.6
3942,245401389.3
3943,532957970.6
3944,40126772.3
3945,103680994.1
3946,9081963.2
3947,110328122.7
3948,4924439.9
3949,10374131.7
3950,18031997.3
3951,11001915.9
3952,50999385.5
3953,97573853.0
3954,369762601.6
3955,35086498.6
3956,132228261.6
3957,20433221.3
3958,22434505.9
3959,28126845.7
3960,5184973.5
3961,63307804.2
3962,22121299.2
3963,63150935.7
3964,578327090.2
3965,78245636.7
3966,61388322.0
3967,198526521.5
3968,127255203.1
3969,4988349.7
3970,55697305.8
3971,69994412.9
3972,42550410.4
3973,100329324.4
3974,36132379.0
3975,103463585.1
3976,81783734.1
3977,91667641.5
3978,118432011.3
3979,11963392.0
3980,13467624.5
3981,1913668.4
3982,15371712.0
3983,48916960.9
3984,158458220.0
3985,18416055.0
3986,505196175.5
3987,64593755.8
3988,56187038.6
3989,75060293.1
3990,85505824.4
3991,1813539.9
3992,2736252.1
3993,56386920.4
3994,94452191.3
3995,59481770.8
3996,122768244.5
3997,24485426.4
3998,136067296.4
3999,34332610.9
4000,121625625.1
4001,2585593.4
4002,175236409.2
4003,7653537.8
4004,149347654.0
4005,1362038.3
4006,64205561.9
4007,6997492.6
4008,23967028.3
4009,40016338.5
4010,7008458.5
4011,15557718.5
4012,137815180.7
4013,136894516.5
4014,1684241.5
4015,79871786.2
4016,72114819.9
4017,75242560.2
4018,52606897.7
4019,323739365.1
4020,18096245.5
4021,100488857.7
4022,62040741.1
4023,189936076.1
4024,90293726.0
4025,2238177.9
4026,68470699.2
4027,113168787.1
4028,7206618.8
4029,5296553.9
4030,32185214.7
4031,79698543.0
4032,2011697.6
4033,2399296.5
4034,1590720.2
4035,185700722.6
4036,7910271.3
4037,18641342.5
4038,22704428.4
4039,44618413.1
4040,8817736.2
4041,24917984.9
4042,113516927.5
4043,2514322.3
4044,102667543.8
4045,104311008.6
4046,19871415.5
4047,330462015.1
4048,37969033.7
4049,733179.6
4050,13173561.0
4051,439760403.2
4052,16261954.5
4053,19751548.3
4054,1643701.3
4055,65302222.9
4056,21457650.4
4057,5252319.4
4058,31425319.8
4059,3826560.9
4060,82665114.4
4061,184754034.9
4062,88759546.9
4063,23230136.0
4064,756672340.0
4065,110926393.9
4066,12249159.0
4067,65987062.7
4068,48716058.6
4069,30615075.3
4070,75277684.7
4071,34403668.1
4072,29308639.2
4073,141213274.4
4074,748885.1
4075,56103077.0
4076,73424230.3
4077,227019222.3
4078,16105137.0
4079,100966507.6
4080,9391585.6
4081,18917185.5
4082,139255564.9
4083,130081009.9
4084,784876.0
4085,30281099.1
4086,134100008.5
4087,59473760.4
4088,89867027.0
4089,48206917.9
4090,7720565.2
4091,89205976.9
4092,49326082.3
4093,63508091.0
4094,27975199.2
4095,158080670.8
4096,52930382.2
4097,45179130.6
4098,58900836.8
4099,7327489.7
4100,112517500.3
4101,110363384.8
4102,4032355.4
4103,99333509.8
4104,40097680.6
4105,6515293.9
4106,17222162.1
4107,2634336.2
4108,77617828.0
4109,4359717.8
4110,48684173.8
4111,5412471.3
4112,31593815.9
4113,5456817.0
4114,179756039.5
4115,13082784.7
4116,55755752.8
4117,5428130.4
4118,92392080.5
4119,39465229.0
4120,4651700.5
4121,1739553.3
4122,101962397.2
4123,34947409.1
4124,126376214.0
4125,47535903.0
4126,59614981.7
4127,15274825.5
4128,34777321.5
4129,39316351.6
4130,12260645.4
4131,85974342.7
4132,93647646.7
4133,65365750.0
4134,9806413.8
4135,68541926.3
4136,380103544.0
4137,18860245.9
4138,59813073.0
4139,19560449.3
4140,2023943.6
4141,47008709.9
4142,90177526.1
4143,100962225.2
4144,4753651.9
4145,48567619.7
4146,39114657.4
4147,2195584.5
4148,26868704.9
4149,17221083.4
4150,3304249.6
4151,7196021.3
4152,81045117.7
4153,38274289.0
4154,3113776.3
4155,66224563.4
4156,24897621.9
4157,2608255.6
4158,59562133.1
4159,74944466.7
4160,436289273.1
4161,28616321.3
4162,46167789.8
4163,119464560.7
4164,24142615.6
4165,19926790.6
4166,10145652.8
4167,197813524.1
4168,28033402.3
4169,37000195.5
4170,45196932.6
4171,107308054.4
4172,89274838.2
4173,16692161.9
4174,12443494.8
4175,5497843.7
4176,64791265.4
4177,1785974.1
4178,511780410.4
4179,3414999.0
4180,96940386.3
4181,85654281.6
4182,10214544.3
4183,127187044.7
4184,59508879.7
4185,8684993.9
4186,15576920.5
4187,74661253.6
4188,62579689.6
4189,2783209.4
4190,1533365.7
4191,31756339.2
4192,10915418.8
4193,198959786.2
4194,90864606.2
4195,20073082.5
4196,21015026.9
4197,33398265.7
4198,667088.6
4199,23584873.1
4200,131212959.4
4201,98296978.6
4202,199424772.2
4203,49738655.8
4204,181100881.8
4205,40943994.9
4206,77462910.4
4207,398043051.7
4208,470872091.7
4209,99038329.8
4210,112974438.7
4211,60413183.6
4212,583490730.9
4213,2434510.3
4214,34530800.2
4215,6266516.7
4216,6257230.9
4217,5339500.6
4218,56976887.9
4219,65001045.4
4220,80421460.2
4221,6757087.8
4222,3280963.0
4223,73872731.3
4224,3975328.3
4225,74428276.7
4226,40352988.1
4227,82674590.5
4228,18576572.7
4229,121741224.9
4230,39501449.5
4231,36670108.2
4232,31587088.2
4233,116462621.5
4234,96872664.6
4235,37314150.0
4236,5908020.5
4237,67798333.2
4238,93579802.0
4239,116124861.4
4240,244608317.9
4241,214374310.5
4242,35110595.9
4243,4887346.1
4244,54310408.9
4245,5880479.9
4246,2380785.3
4247,59314267.8
4248,28201965.3
4249,24870406.9
4250,82587743.2
4251,37910329.7
4252,160341709.3
4253,94128312.0
4254,164487794.6
4255,55670876.2
4256,322227290.3
4257,97359810.6
4258,52426041.6
4259,3676821.3
4260,125490563.6
4261,40236000.4
4262,1700981.3
4263,2878479.7
4264,350071833.1
4265,40182676.5
4266,33551822.3
4267,75746321.3
4268,44528910.5
4269,31427446.3
4270,523218735.8
4271,35968545.4
4272,929961.7
4273,25066707.9
4274,81713487.2
4275,12286168.8
4276,20462559.0
4277,175190870.2
4278,13844085.7
4279,52477900.5
4280,1892324.4
4281,7385563.2
4282,72102494.5
4283,53667041.2
4284,6158561.5
4285,1330373.2
4286,329467748.4
4287,88926537.1
4288,119966671.7
4289,53497873.3
4290,129133092.0
4291,7147355.0
4292,11948360.4
4293,39588414.7
4294,176252069.2
4295,122681150.2
4296,77954942.9
4297,61806424.2
4298,4984302.4
4299,5821269.6
4300,119353903.1
4301,17764806.9
4302,11142754.3
4303,35592814.5
4304,44551231.7
4305,39297478.2
4306,77254397.6
4307,772495.9
4308,4164254.9
4309,105174089.7
4310,8203394.5
4311,3975414.8
4312,82073939.2
4313,203147547.4
4314,24857794.6
4315,149514511.8
4316,232221352.5
4317,5670779.5
4318,54627315.2
4319,6461873.4
4320,28109810.3
4321,102910248.0
4322,29117028.0
4323,3750688.7
4324,19106514.4
4325,1081434.6
4326,10885052.6
4327,67994455.9
4328,23366840.2
4329,644391.9
4330,725487405.0
4331,103358769.6
4332,67495785.8
4333,13029422.4
4334,92213238.4
4335,130905807.4
4336,124978991.3
4337,7604165.6
4338,165477130.3
4339,85654124.2
4340,28509994.9
4341,36657279.0
4342,47843817.7
4343,78368730.7
4344,2452034.5
4345,28463922.6
4346,97690875.4
4347,99544722.6
4348,4433236.4
4349,140407468.9
4350,20433081.8
4351,131703367.1
4352,5557899.2
4353,123220609.2
4354,92209189.9
4355,76843848.7
4356,32831269.5
4357,80643925.1
4358,17568550.2
4359,125081889.5
4360,65345981.0
4361,130777244.3
4362,5370139.9
4363,103495709.0
4364,68838645.7
4365,3998837.2
4366,72165336.3
4367,40573497.3
4368,79079319.2
4369,72969351.4
4370,165718942.9
4371,180441423.0
4372,67873081.4
4373,25924925.5
4374,55742924.7
4375,7515677.5
4376,3361718.9
4377,12498645.1
4378,120590698.0
4379,120405558.2
4380,147299924.3
4381,90869537.2
4382,377336050.5
4383,187993704.5
4384,44810714.1
4385,1615398.9
4386,128878611.3
4387,155368016.5
4388,50640607.7
4389,259738954.4
4390,21548283.2
4391,2786095.7
4392,132315469.8
4393,114530462.0
4394,79210609.3
4395,25390590.4
4396,109133277.1
4397,31483610.9
4398,159833138.8
4399,8212000.7
4400,64230527.1
4401,22883954.9
4402,35705927.7
4403,78130790.3
4404,131224820.7
4405,51070951.9
4406,6998523.7
4407,2307223.0
4408,2145493.3
4409,30536525.8
4410,20522144.1
4411,63735991.1
4412,73895830.1
4413,97425283.3
4414,6538108.5
4415,61589475.1
4416,10418605.4
4417,153965227.3
4418,7664546.9
4419,18639269.9
4420,444683834.3
4421,15488026.0
4422,14432313.4
4423,17770178.9
4424,1839564.8
4425,31739742.5
4426,67169432.0
4427,77955683.9
4428,16705668.5
4429,2775410.2
4430,777788.1
4431,4705467.8
4432,155735155.0
4433,241318897.4
4434,409800524.4
4435,56441903.3
4436,183820069.2
4437,6842259.2
4438,2598549.4
4439,34347152.7
4440,10228383.1
4441,64884139.0
4442,20637938.2
4443,5502296.6
4444,30132760.4
4445,63674705.9
4446,10133919.5
4447,208003893.3
4448,34190642.4
4449,4766494.2
4450,154095146.9
4451,398804911.1
4452,86903047.7
4453,13351488.1
4454,11571019.4
4455,17260886.5
4456,81147487.2
4457,36890268.8
4458,31903773.0
4459,73372481.8
4460,40938463.3
4461,81028423.8
4462,61297498.6
4463,13627354.1
4464,96599568.9
4465,90842585.2
4466,2902064.0
4467,37995997.3
4468,10437503.5
4469,51507978.5
4470,101113568.9
4471,847600.5
4472,115433042.3
4473,28167258.9
4474,36563446.9
4475,9167879.4
4476,10248370.8
4477,70083682.1
4478,21225061.0
4479,6589091.3
4480,74080382.2
4481,54909191.0
4482,48549273.6
4483,12915208.6
4484,36806815.6
4485,48268678.0
4486,73258731.8
4487,26858819.5
4488,80733187.9
4489,88399503.2
4490,946156.6
4491,123177182.6
4492,65177342.5
4493,40720270.1
4494,37801285.0
4495,23146442.0
4496,53891575.9
4497,16164657.3
4498,101077040.9
4499,2242212.3
4500,67211558.6
4501,95149861.0
4502,32315048.4
4503,390092444.6
4504,9270462.3
4505,6884932.4
4506,122674508.0
4507,3435066.5
4508,6999990.8
4509,18239404.2
4510,60315380.3
4511,189636337.3
4512,5070067.0
4513,39266039.4
4514,17502554.6
4515,262999657.9
4516,14518981.0
4517,60692776.7
4518,179419218.7
4519,76556323.0
4520,58765730.8
4521,102654043.5
4522,106340048.4
4523,39058150.0
4524,39906234.7
4525,35634689.1
4526,3169577.3
4527,110559321.6
4528,4247538.2
4529,3986112.0
4530,80708548.4
4531,2014800.0
4532,23300614.9
4533,57682050.4
4534,4838047.2
4535,89579901.4
4536,18873323.3
4537,3062342.3
4538,81685144.2
4539,9730749.9
4540,123243126.5
4541,62404605.2
4542,112791880.6
4543,159667643.2
4544,7024058.4
4545,7059706.2
4546,13802065.0
4547,28282950.8
4548,17839573.8
4549,5366676.1
4550,7530027.7
4551,565066436.7
4552,87692244.1
4553,81841485.1
4554,445299042.7
4555,3307986.6
4556,83334469.0
4557,40916542.3
4558,66355558.9
4559,143770798.9
4560,100537159.1
4561,50236122.9
4562,4173373.7
4563,109377438.7
4564,1769482.6
4565,8578217.1
4566,81640048.6
4567,66308001.1
4568,21002459.8
4569,66681746.7
4570,67613592.6
4571,35244696.9
4572,95401050.9
4573,121764438.6
4574,10381742.8
4575,10633280.8
4576,43840102.6
4577,13548096.4
4578,90662523.7
4579,23603399.4
4580,67441645.9
4581,60822473.7
4582,95485957.1
4583,158193820.6
4584,21244404.3
4585,113571009.6
4586,13649808.4
4587,13234831.3
4588,143074035.3
4589,54573683.7
4590,704452641.1
4591,57899355.7
4592,35082532.7
4593,1153944.5
4594,84215276.7
4595,236302858.2
4596,294951799.3
4597,55654384.2
4598,159734274.5
4599,39062057.0
4600,4177653.3
4601,63527803.7
4602,51956134.0
4603,74415806.3
4604,45116504.6
4605,184156805.2
4606,137050743.3
4607,39440960.4
4608,24185060.2
4609,88360073.0
4610,160635578.4
4611,45984843.9
4612,54202052.6
4613,82467726.1
4614,31634919.5
4615,14476004.9
4616,2602635.1
4617,52849250.6
4618,9668577.9
4619,14533744.1
4620,49518224.3
4621,147657226.0
4622,30851162.9
4623,97525535.2
4624,5791602.4
4625,38856134.3
4626,27945581.8
4627,49730299.4
4628,25428820.0
4629,3980757.7
4630,35762536.9
4631,67749623.3
4632,5264634.5
4633,11811287.2
4634,1775559.4
4635,1384718.5
4636,109059585.9
4637,3657406.2
4638,28630007.0
4639,5341999.4
4640,64329064.7
4641,59311978.3
4642,36595042.9
4643,114451426.0
4644,8347253.2
4645,3159781.5
4646,908490521.0
4647,9338477.9
4648,23945703.1
4649,140855565.1
4650,99140950.1
4651,137582515.4
4652,344909761.0
4653,4372261.9
4654,94928625.9
4655,71700439.5
4656,36964094.3
4657,24285519.0
4658,50293593.2
4659,3609390.6
4660,18665406.4
4661,39777097.9
4662,16580456.2
4663,53420992.6
4664,14091491.5
4665,110586209.0
4666,117227610.3
4667,198875378.4
4668,12651944.0
4669,34917742.9
4670,76053382.2
4671,24709945.3
4672,2297527.8
4673,24072039.4
4674,13715188.6
4675,5268504.5
4676,9544127.9
4677,9895568.1
4678,13089113.4
4679,6278996.7
4680,1831480.4
4681,73500558.8
4682,38101395.4
4683,2705008.4
4684,2283657.7
4685,93426551.2
4686,19095399.7
4687,30878832.2
4688,129228769.8
4689,19473511.0
4690,54609957.1
4691,28782546.6
4692,16301974.7
4693,18750544.5
4694,19594634.2
4695,68113182.5
4696,63831353.0
4697,90306558.1
4698,12075902.1
4699,61985072.0
4700,136274639.7
4701,165128686.3
4702,50140919.2
4703,58332864.2
4704,74390852.6
4705,81939148.8
4706,138899676.3
4707,61990448.6
4708,86458496.0
4709,1449412.4
4710,215526874.9
4711,46458966.5
4712,2882553.5
4713,241494126.0
4714,54487472.9
4715,2048352.3
4716,11629361.9
4717,78852418.6
4718,43985517.0
4719,132493127.3
4720,34830600.0
4721,17273981.9
4722,167722485.9
4723,5510998.9
4724,129305963.6
4725,12655556.3
4726,8052052.3
4727,25062734.5
4728,60301844.4
4729,103491635.3
4730,9414686.6
4731,30727307.0
4732,373765143.5
4733,11314742.1
4734,236378597.1
4735,66137985.4
4736,18797816.9
4737,97332262.6
4738,4504336.0
4739,125627638.1
4740,463722465.2
4741,6167159.4
4742,141024041.5
4743,9619307.5
4744,1320303.7
4745,335997709.9
4746,114353475.9
4747,58435189.0
4748,96774105.2
4749,60658056.8
4750,53001723.7
4751,130484301.7
4752,24673529.2
4753,24117855.2
4754,657219778.2
4755,33287499.5
4756,48007356.7
4757,195495658.1
4758,105367955.5
4759,318416631.9
4760,1522114.5
4761,37306708.9
4762,28437826.2
4763,1040009.8
4764,307197363.5
4765,28962190.0
4766,180108886.3
4767,224623098.2
4768,75296276.3
4769,65121849.7
4770,80175153.3
4771,110988061.7
4772,24225660.7
4773,63818139.6
4774,13319993.8
4775,10533801.5
4776,1709235.8
4777,236378597.1
4778,80052750.5
4779,64650995.0
4780,290372346.2
4781,1949411.9
4782,141137942.9
4783,65796222.8
4784,5978839.8
4785,54371504.0
4786,65336255.1
4787,67625006.3
4788,51024596.1
4789,2660044.3
4790,130654021.1
4791,37197480.6
4792,7414502.4
4793,75375891.4
4794,16087115.9
4795,36257739.1
4796,10162086.6
4797,644761095.4
4798,170646354.7
4799,49012069.6
4800,72813715.2
4801,8269851.1
4802,94377498.3
4803,4400783.5
4804,7568160.8
4805,10158065.8
4806,11955800.0
4807,10945328.0
4808,11364716.5
4809,121230630.3
4810,6375312.8
4811,15244857.3
4812,129688521.0
4813,202683648.6
4814,36438185.6
4815,37228582.1
4816,43455939.2
4817,2617249.6
4818,22032383.5
4819,31873296.3
4820,31117418.4
4821,6109014.5
4822,17923904.1
4823,52520449.1
4824,69087245.5
4825,181487753.0
4826,68563391.3
4827,54800296.8
4828,70072117.4
4829,65479618.3
4830,66108121.4
4831,56210766.1
4832,66436195.4
4833,14636001.3
4834,47412455.8
4835,155432374.9
4836,16878406.9
4837,166957262.3
4838,76366442.9
4839,1286315.1
4840,634699318.8
4841,9978015.8
4842,197465327.1
4843,101261292.3
4844,1663540.1
4845,73325284.8
4846,6779350.8
4847,335084776.1
4848,62375745.3
4849,211926479.2
4850,28389523.6
4851,9903831.4
4852,19824936.8
4853,77502465.0
4854,42122977.1
4855,57184723.9
4856,13744818.7
4857,61258430.5
4858,152954887.7
4859,58513451.5
4860,358329241.9
4861,76343809.5
4862,139644879.3
4863,230416258.6
4864,52137621.9
4865,106135328.0
4866,30385226.8
4867,116099966.6
4868,22626331.0
4869,3785674.4
4870,37088451.8
4871,55810238.4
4872,49296274.5
4873,47251719.8
4874,87152696.1
4875,48571402.5
4876,40234094.9
4877,54406001.6
4878,40739136.7
4879,86023472.6
4880,68526530.0
4881,1875357.6
4882,59060141.8
4883,60967804.2
4884,67647878.3
4885,24092101.4
4886,30987394.7
4887,4173373.7
4888,22676260.3
4889,13342026.8
4890,171906651.4
4891,1222788.6
4892,15229685.1
4893,92090459.7
4894,1686526.4
4895,7239830.1
4896,124135445.5
4897,15884591.3
4898,178459636.3
4899,94228982.6
4900,470475971.4
4901,106779158.5
4902,8766004.0
4903,19456387.9
4904,220314575.8
4905,32241993.2
4906,799957.4
4907,540077136.4
4908,96685409.1
4909,181161496.2
4910,81460033.7
4911,26472951.4
4912,148004426.2
4913,26139395.0
4914,76421629.4
4915,152485012.8
4916,47753031.3
4917,14848091.1
4918,237176046.2
4919,82980007.8
4920,66128429.9
4921,96553864.3
4922,7061700.2
4923,16006066.5
4924,129078107.7
4925,119492211.3
4926,5664722.5
4927,39799705.7
4928,49886993.2
4929,36926099.3
4930,17107954.4
4931,78405309.4
4932,9706859.3
4933,32153578.2
4934,3517233.6
4935,529672278.3
4936,12787717.8
4937,12023720.5
4938,33712456.9
4939,756630.3
4940,13781787.2
4941,109860139.9
4942,3498158.8
4943,101588268.7
4944,84488328.5
4945,14033847.4
4946,17429381.1
4947,2466741.7
4948,17329436.4
4949,116358789.2
4950,54849456.8
4951,108563979.8
4952,88439376.1
4953,102009247.8
4954,80599567.1
4955,20269005.1
4956,17893465.8
4957,68932271.5
4958,36717360.6
4959,38552784.7
4960,3880571.0
4961,111502110.0
4962,5893372.6
4963,148325519.9
4964,64538084.3
4965,38060079.4
4966,56888827.3
4967,66719725.9
4968,62318845.9
4969,1679521.7
4970,1824261.5
4971,78691782.2
4972,44251517.6
4973,52440685.9
4974,89652624.2
4975,6905199.0
4976,11733061.7
4977,75249410.2
4978,2914401.8
4979,34768046.2
4980,70054815.3
4981,7373343.0
4982,73724960.2
4983,11833999.1
4984,57477045.0
4985,262466731.8
4986,12547879.4
4987,16761087.9
4988,6949504.7
4989,48821249.5
4990,11155971.0
4991,29176209.6
4992,117488096.8
4993,17836901.4
4994,71402782.0
4995,2711964.0
4996,67782289.4
4997,107330425.2
4998,55395199.6
4999,34461149.4
5000,124889933.6
5001,224263095.4
5002,290656878.5
5003,108452254.7
5004,74674220.5
5005,56142391.9
5006,354604406.9
5007,63059254.0
5008,320348420.4
5009,49084541.1
5010,1399917.2
5011,13039292.2
5012,94085046.0
5013,70485928.5
5014,52210033.8
5015,50993714.3
5016,90623193.5
5017,61405409.8
5018,95741549.5
5019,86677283.3
5020,25399942.7
5021,1376671.4
5022,45925703.1
5023,18307049.7
5024,69937184.3
5025,8263133.7
5026,113324878.2
5027,83238522.1
5028,169787699.6
5029,102150764.5
5030,56164618.4
5031,2885026.8
5032,85635969.0
5033,2502786.8
5034,63208652.9
5035,5625741.2
5036,41475030.0
5037,118812556.3
5038,286832211.9
5039,3317623.3
5040,96619629.9
5041,71963091.3
5042,21715090.8
5043,103692364.9
5044,286748225.6
5045,35918152.8
5046,8929635.6
5047,24830226.4
5048,10201247.3
5049,116225939.1
5050,5677896.2
5051,243812350.6
5052,142064482.5
5053,62335268.8
5054,23005007.2
5055,9265288.6
5056,27118772.6
5057,78463204.1
5058,65524342.2
5059,23292216.6
5060,129554360.0
5061,78899578.3
5062,1825261.7
5063,6166709.7
5064,87909603.8
5065,21908600.6
5066,9779749.3
5067,113027728.7
5068,39823679.3
5069,113760545.3
5070,67520533.3
5071,121729193.4
5072,43863108.1
5073,12232790.7
5074,13854732.7
5075,12987471.6
5076,86189824.1
5077,136064411.2
5078,8770034.8
5079,4146714.5
5080,85882819.7
5081,76216951.6
5082,60256349.8
5083,14036764.2
5084,61118844.6
5085,833843.5
5086,26609456.7
5087,9829388.9
5088,12614954.4
5089,20559951.2
5090,61331544.0
5091,80899328.4
5092,58842145.4
5093,100891630.9
5094,112675238.9
5095,111774618.5
5096,47397036.4
5097,5241173.0
5098,14229621.3
5099,3432384.0
5100,22399500.4
5101,11429666.8
5102,6787475.0
5103,1815427.8
5104,36621135.0
5105,10682847.8
5106,5832571.9
5107,53563431.8
5108,69212971.2
5109,1998139.3
5110,73833866.4
5111,93903627.1
5112,40920613.6
5113,2891340.2
5114,12022414.4
5115,7482764.5
5116,43440103.3
5117,154059385.1
5118,38131264.4
5119,1533057.3
5120,940845.7
5121,106530935.6
5122,109999018.3
5123,27140144.0
5124,58833887.9
5125,62418747.6
5126,17199613.2
5127,107083535.8
5128,1393402.2
5129,1605615.1
5130,30659533.9
5131,75714472.8
5132,126565264.8
5133,117282447.4
5134,100035935.8
5135,96355919.6
5136,11072549.9
5137,65479471.5
5138,55844117.0
5139,137546677.2
5140,101892532.2
5141,46969031.2
5142,116727625.7
5143,162884908.9
5144,100380776.7
5145,77803272.3
5146,15119291.9
5147,17123363.1
5148,44613711.3
5149,2547543.9
5150,455157723.3
5151,309172731.5
5152,153006450.0
5153,5249619.0
5154,91580960.0
5155,767273.2
5156,441147841.4
5157,38133260.6
5158,16507415.8
5159,152122800.8
5160,40964153.9
5161,47405087.7
5162,77927549.7
5163,118719617.3
5164,835673.6
5165,128409153.5
5166,96500674.4
5167,5435749.7
5168,23707333.9
5169,10392716.9
5170,72645644.0
5171,123043743.6
5172,10401946.9
5173,62902169.2
5174,127818239.3
5175,3897135.7
5176,19607716.2
5177,203727845.9
5178,469035438.4
5179,5602228.9
5180,33977928.2
5181,9801505.0
5182,42308831.9
5183,14937286.3
5184,31611217.8
5185,40329417.9
5186,31036264.0
5187,1937186.3
5188,3691782.7
5189,74431223.4
5190,446903919.1
5191,139675536.9
5192,79430298.2
5193,202995490.6
5194,69297674.6
5195,249661350.8
5196,104369372.8
5197,193811527.3
5198,57480155.9
5199,26383060.2
5200,8357718.2
5201,35596108.9
5202,4063474.8
5203,1830750.4
5204,2567937.7
5205,58992226.2
5206,49965069.9
5207,5719013.8
5208,74722906.0
5209,194962925.5
5210,76815826.2
5211,28799839.3
5212,23589083.7
5213,64172789.1
5214,2287879.2
5215,16095003.2
5216,42303121.8
5217,5768444.3
5218,50133915.2
5219,16853859.0
5220,140982096.3
5221,2640544.0
5222,9211099.3
5223,158155939.9
5224,1885669.7
5225,7434163.9
5226,92619481.5
5227,3962785.6
5228,84685788.8
5229,167509163.9
5230,35864307.0
5231,14319856.1
5232,5172323.0
5233,3459621.0
5234,80199816.4
5235,84139268.5
5236,140359402.3
5237,194155280.7
5238,73873104.6
5239,38928413.1
5240,332801393.1
5241,60795892.2
5242,123640795.8
5243,7173737.9
5244,133311060.1
5245,20443185.2
5246,56472386.5
5247,71837539.7
5248,1798009.1
5249,136807068.6
5250,165893274.0
5251,15468289.1
5252,5514451.8
5253,18677325.8
5254,13798293.9
5255,107813863.2
5256,54282297.6
5257,27021494.3
5258,3284888.7
5259,75890816.0
5260,49296359.7
5261,75948175.4
5262,55347661.2
5263,70653114.5
5264,14625012.4
5265,43280916.8
5266,40783482.5
5267,13273512.8
5268,17621174.7
5269,102717843.4
5270,57559676.0
5271,29780344.4
5272,98844759.9
5273,2622738.3
5274,34547331.5
5275,26001710.6
5276,90193885.6
5277,12939529.6
5278,62388391.1
5279,64591709.9
5280,2504471.5
5281,60261870.9
5282,57021432.1
5283,5131444.6
5284,34502175.4
5285,133359415.4
5286,42994797.7
5287,6550071.3
5288,15752712.3
5289,163639923.5
5290,242491167.2
5291,439307670.6
5292,86122730.7
5293,127678154.2
5294,7171105.3
5295,460300043.5
5296,7427845.7
5297,114101757.2
5298,132101194.5
5299,1962810.0
5300,34980476.5
5301,34269175.9
5302,98255740.5
5303,21090633.6
5304,28950029.3
5305,5976720.3
5306,73619957.8
5307,216652724.8
5308,1684415.5
5309,8996722.4
5310,205657172.8
5311,14750406.6
5312,103783306.7
5313,378487529.4
5314,28431256.2
5315,20076968.3
5316,76731540.4
5317,11317744.7
5318,34985236.3
5319,26450883.5
5320,51413614.1
5321,69272896.9
5322,4020958.6
5323,150986422.3
5324,19518312.9
5325,12224778.4
5326,44648045.1
5327,81552950.9
5328,37503964.1
5329,11414815.4
5330,132546232.4
5331,43190319.3
5332,3087646.0
5333,62905453.1
5334,86446246.9
5335,6819981.0
5336,9393679.3
5337,3005628.0
5338,112505126.0
5339,51268631.3
5340,12111318.5
5341,98423898.6
5342,224023589.5
5343,48740188.2
5344,93213111.0
5345,18194071.6
5346,43290664.8
5347,15972779.5
5348,37426368.0
5349,28099558.9
5350,7372215.1
5351,127920862.6
5352,589394.5
5353,53361698.4
5354,136234197.6
5355,31777096.2
5356,12724166.9
5357,7128641.2
5358,113282384.9
5359,75399098.5
5360,143753801.4
5361,40839149.6
5362,3142389.6
5363,86619464.4
5364,7179348.5
5365,61425521.2
5366,143591728.8
5367,185400547.5
5368,73999927.8
5369,300116071.8
5370,34642348.3
5371,85831527.8
5372,473369117.0
5373,63330503.4
5374,121696633.5
5375,113448914.8
5376,124126613.2
5377,39734385.7
5378,5300508.9
5379,30398198.9
5380,106466178.3
5381,97342972.0
5382,113253585.5
5383,6011583.6
5384,174850903.1
5385,129215073.8
5386,185130406.8
5387,17440307.7
5388,170568462.7
5389,45822966.4
5390,7384948.0
5391,36328805.5
5392,6375312.8
5393,14323340.0
5394,67761871.3
5395,10293632.0
5396,280915557.4
5397,7294892.2
5398,62307580.7
5399,2825834.2
5400,8061210.9
5401,185481348.0
5402,112166726.7
5403,51868257.8
5404,6715782.8
5405,91722757.1
5406,5476742.0
5407,227889485.0
5408,455934277.9
5409,92573987.8
5410,18655960.4
5411,65295043.3
5412,8426092.0
5413,3442569.5
5414,111220923.9
5415,76690682.4
5416,80797064.6
5417,102326899.3
5418,1954089.4
5419,2200904.6
5420,106685435.6
5421,48398483.8
5422,104714879.0
5423,229023069.7
5424,117794155.2
5425,82264739.9
5426,41260171.8
5427,1755429.6
5428,32757782.2
5429,99583712.3
5430,83701811.2
5431,142879635.4
5432,177666752.1
5433,33175713.9
5434,122368680.3
5435,50130678.5
5436,74254282.4
5437,123751363.3
5438,22299492.7
5439,475406.0
5440,134894996.8
5441,21199547.2
5442,106053501.4
5443,72226038.8
5444,99566070.6
5445,102390792.7
5446,122199540.3
5447,29613610.0
5448,63588495.1
5449,89429123.7
5450,16497978.3
5451,27092623.1
5452,35390544.8
5453,252673096.0
5454,79296978.4
5455,30996615.4
5456,61051436.8
5457,54490465.5
5458,21811891.0
5459,10557301.9
5460,1145914.3
5461,6248468.3
5462,3327136.5
5463,430004482.4
5464,3907901.2
5465,80051704.3
5466,138685962.6
5467,78532073.5
5468,76571636.4
5469,1719090.0
5470,276400740.4
5471,127265196.2
5472,47740530.6
5473,26747616.4
5474,87721618.3
5475,21478137.0
5476,59175587.9
5477,2954695.2
5478,211984354.3
5479,88698532.6
5480,26314411.4
5481,21451864.2
5482,33452705.6
5483,40751889.1
5484,110479720.1
5485,22057118.1
5486,68552534.8
5487,375323079.8
5488,69372239.7
5489,32644826.7
5490,38047829.1
5491,73098306.7
5492,22913245.8
5493,48414591.1
5494,5137319.9
5495,83637355.6
5496,42888939.9
5497,41970495.4
5498,27724083.7
5499,121818658.4
5500,55605105.2
5501,27473582.0
5502,21107089.9
5503,18311470.3
5504,52277844.0
5505,6097127.2
5506,235463528.5
5507,76923925.8
5508,200991401.7
5509,191837806.2
5510,57002945.6
5511,9869741.1
5512,150035799.0
5513,1525692.6
5514,72416551.5
5515,57873672.0
5516,5886797.0
5517,364920873.4
5518,14166596.0
5519,199268298.4
5520,15600737.1
5521,71979714.3
5522,5374667.7
5523,284719442.5
5524,370992730.5
5525,48636544.0
5526,8434690.6
5527,6000275.6
5528,98889902.7
5529,6928178.6
5530,284014299.9
5531,4098264.0
5532,7657540.6
5533,80052765.5
5534,242191140.4
5535,680503.1
5536,12316162.8
5537,7691240.2
5538,25460380.6
5539,162381243.6
5540,49370377.4
5541,111334778.9
5542,9953614.7
5543,34176364.2
5544,54636400.6
5545,378322.4
5546,23894256.0
5547,18697429.5
5548,4127572.6
5549,74095278.0
5550,45292304.3
5551,75055709.5
5552,109549685.9
5553,105880882.1
5554,10823711.4
5555,37853334.9
5556,41854357.5
5557,17706002.0
5558,405773302.0
5559,6228309.4
5560,12517650.1
5561,36092202.0
5562,100167038.2
5563,5134098.2
5564,25256827.1
5565,24363930.8
5566,69010053.5
5567,41770187.2
5568,122529349.6
5569,166846119.9
5570,81734007.5
5571,89121690.1
5572,5154807.3
5573,130058018.3
5574,79168792.7
5575,122134012.0
5576,114110095.6
5577,93915018.5
5578,29297805.7
5579,63009217.6
5580,6725706.0
5581,72959861.4
5582,69909197.6
5583,64994806.4
5584,56869555.2
5585,63419222.7
5586,595253.3
5587,46741101.6
5588,211528533.9
5589,69816644.9
5590,5246307.9
5591,35369855.1
5592,15876060.8
5593,38062074.6
5594,16122258.0
5595,59276540.8
5596,161257039.8
5597,9813652.0
5598,70730662.3
5599,25165850.4
5600,13128798.4
5601,95618275.9
5602,151752794.5
5603,4879695.4
5604,81830567.2
5605,229683146.3
5606,113425530.5
5607,93744232.1
5608,177344527.1
5609,36662388.1
5610,66553118.5
5611,90671829.1
5612,333845681.4
5613,42574751.3
5614,28631965.9
5615,99098100.9
5616,29495798.9
5617,206323995.1
5618,69529150.1
5619,133784902.2
5620,5939959.4
5621,96771747.8
5622,53107266.8
5623,90488777.5
5624,721178831.5
5625,4458691.1
5626,10455441.9
5627,45377093.3
5628,137994286.6
5629,204613794.6
5630,32984659.6
5631,100471187.7
5632,158431071.0
5633,17722151.4
5634,44797161.3
5635,42712737.5
5636,4316716.1
5637,25719269.5
5638,70341070.5
5639,19208926.3
5640,6005417.9
5641,107397025.9
5642,26478441.8
5643,26051063.2
5644,409346790.4
5645,290615125.9
5646,17847923.0
5647,10726491.4
5648,58701686.0
5649,2806477.8
5650,78219537.0
5651,129686781.4
5652,12188333.2
5653,168521830.9
5654,53904861.6
5655,66638979.1
5656,530254564.6
5657,14019414.3
5658,9585729.1
5659,46384681.8
5660,110570330.4
5661,15635608.8
5662,285069230.0
5663,51008496.4
5664,27871920.0
5665,102672176.3
5666,57115237.7
5667,181241143.4
5668,13471132.1
5669,25549867.9
5670,461011284.2
5671,72709607.3
5672,10361785.5
5673,147597814.1
5674,46972176.7
5675,1738800.5
5676,5571106.4
5677,173682752.3
5678,137802413.7
5679,4350222.4
5680,46782994.4
5681,532957970.6
5682,6712324.5
5683,391772145.4
5684,81906646.0
5685,119155068.8
5686,2387014.1
5687,49810809.0
5688,63603067.3
5689,53857874.8
5690,14351012.7
5691,74983858.8
5692,412880612.4
5693,82014866.7
5694,120265608.6
5695,15466013.0
5696,139064261.2
5697,9749919.7
5698,13186032.5
5699,3421830.3
5700,103151727.9
5701,49293154.9
5702,79393406.4
5703,87365173.5
5704,108398441.1
5705,65296681.3
5706,9571569.0
5707,74390506.3
5708,11743928.8
5709,27277207.9
5710,10598100.5
5711,46236443.2
5712,179986498.7
5713,12009032.9
5714,66016185.5
5715,36455198.7
5716,4238428.9
5717,66855068.9
5718,11577321.1
5719,108780695.8
5720,65420315.9
5721,76996177.8
5722,15514210.2
5723,117728051.1
5724,1522337.9
5725,10423091.9
5726,71118110.6
5727,120826739.5
5728,22668620.8
5729,153927613.9
5730,5165899.6
5731,6377067.8
5732,8739290.3
5733,17882859.1
5734,100779633.5
5735,23170098.1
5736,106289328.7
5737,58944083.5
5738,111616792.6
5739,23890375.2
5740,52844171.4
5741,130036988.1
5742,86333730.4
5743,93281895.9
5744,1571862.2
5745,25690297.4
5746,80992434.3
5747,1911421.8
5748,128102835.8
5749,55268258.9
5750,55730047.7
5751,110821785.4
5752,6319053.3
5753,324623691.6
5754,116901341.7
5755,76943554.1
5756,65332190.5
5757,2277355.4
5758,6254235.3
5759,32885964.4
5760,3639739.0
5761,1742373.7
5762,279710321.9
5763,83016051.5
5764,48436935.5
5765,44200975.9
5766,87871872.6
5767,79129856.1
5768,58035016.1
5769,465995437.7
5770,59132774.9
5771,60474061.4
5772,31246854.2
5773,314432254.0
5774,55964184.1
5775,50135247.8
5776,41562420.5
5777,134392474.1
5778,131840240.6
5779,169494860.1
5780,6866049.3
5781,94466821.2
5782,93545326.4
5783,140532482.4
5784,7975458.7
5785,63609359.4
5786,24533120.1
5787,116848843.1
5788,9750607.5
5789,98694588.3
5790,65526474.1
5791,113482012.1
5792,12362175.2
5793,65973792.8
5794,135118153.4
5795,75811118.4
5796,26628548.9
5797,63439557.3
5798,20237923.9
5799,341321582.1
5800,814595.9
5801,13207220.9
5802,7726548.8
5803,20841154.2
5804,237394882.7
5805,28039142.7
5806,12173747.8
5807,84309988.1
5808,122551378.7
5809,77623487.6
5810,3730142.7
5811,9505080.0
5812,73401629.9
5813,151250479.5
5814,14143499.1
5815,24451947.9
5816,17350125.9
5817,1871844.7
5818,13498840.0
5819,92572588.2
5820,47056065.1
5821,10800234.9
5822,523026.2
5823,95229910.9
5824,80240982.7
5825,38132709.9
5826,11392690.1
5827,8583633.9
5828,288865379.3
5829,114008974.5
5830,78681302.1
5831,93766515.1
5832,46256461.9
5833,66787540.1
5834,39329178.8
5835,6326665.7
5836,83457290.2
5837,99879511.4
5838,3447210.3
5839,46677996.3
5840,55366223.4
5841,79545445.4
5842,126613699.6
5843,54251574.7
5844,20034410.8
5845,1687262.4
5846,10514133.4
5847,96344462.4
5848,128443513.9
5849,3773505.3
5850,73129870.9
5851,19107524.0
5852,7973814.8
5853,81759343.9
5854,60372925.3
5855,95326604.6
5856,81141915.0
5857,768754348.5
5858,27007597.8
5859,122468706.5
5860,196564086.5
5861,17689200.8
5862,67186826.9
5863,78001694.3
5864,451332954.1
5865,24720142.3
5866,31826109.9
5867,45044302.4
5868,90767978.4
5869,9245621.0
5870,3357200.7
5871,181188655.7
5872,177506723.4
5873,33795109.1
5874,10085901.4
5875,104117739.4
5876,87589141.5
5877,8574905.9
5878,115676923.2
5879,31563921.3
5880,122261834.6
5881,176307563.2
5882,547210542.6
5883,23656426.3
5884,41276927.0
5885,23203061.8
5886,42619869.2
5887,21108370.7
5888,10373824.0
5889,25699411.9
5890,49556091.9
5891,51176926.8
5892,30180625.2
5893,28328860.9
5894,67868529.3
5895,47129551.9
5896,94909655.9
5897,877257.8
5898,58168884.6
5899,5324312.5
5900,6480222.9
5901,4612757.2
5902,39209132.1
5903,46919341.1
5904,68558572.4
5905,57298351.3
5906,36666092.7
5907,4458342.8
5908,139068760.5
5909,65749547.3
5910,75283883.7
5911,62482751.9
5912,354369649.4
5913,66347954.1
5914,33071697.5
5915,26923336.8
5916,109623596.9
5917,168995964.2
5918,85371553.8
5919,51322236.4
5920,5392679.9
5921,73243050.6
5922,23521403.0
5923,39844133.8
5924,15372791.7
5925,448752239.2
5926,7188979.9
5927,7331002.2
5928,50087816.7
5929,9857472.1
5930,64259185.6
5931,107646031.6
5932,5341185.9
5933,21911054.8
5934,129817534.4
5935,162909080.7
5936,70922225.6
5937,5883596.6
5938,11734765.9
5939,38387789.5
5940,163752354.5
5941,57500160.9
5942,104952958.7
5943,35672125.1
5944,78946066.4
5945,38898533.3
5946,10238859.5
5947,754569.8
5948,70675180.9
5949,12594929.0
5950,114458836.5
5951,135185268.1
5952,30463387.3
5953,111045658.7
5954,32339498.9
5955,50906858.6
5956,44498368.9
5957,101140460.5
5958,98446817.2
5959,59354887.0
5960,33477904.0
5961,9810209.8
5962,3545057.8
5963,103707165.3
5964,143790417.1
5965,73021211.3
5966,42254182.1
5967,275679650.2
5968,104854904.7
5969,57931520.7
5970,33784996.8
5971,19013000.0
5972,68047803.3
5973,89308126.2
5974,9065735.6
5975,34474947.5
5976,3817683.8
5977,1675699.4
5978,514940890.2
5979,11047345.1
5980,105491965.9
5981,13186374.9
5982,192053000.0
5983,2714113.6
5984,40935024.8
5985,95233183.7
5986,5922823.3
5987,58292886.8
5988,95277313.2
5989,1717771.2
5990,119881152.6
5991,3943384.5
5992,108784589.8
5993,111614821.4
5994,10653776.1
5995,65118333.7
5996,82657389.4
5997,67570424.8
5998,182003940.6
5999,3135047.7
6000,22259905.2
6001,28327157.8
6002,19896470.4
6003,397909203.3
6004,60948259.3
6005,26290363.7
6006,36191111.1
6007,68764189.8
6008,8336533.5
6009,76209665.4
6010,30540654.9
6011,55904694.8
6012,28189931.2
6013,224822551.8
6014,68906767.2
6015,41419524.9
6016,69161529.5
6017,33672869.4
6018,49539072.8
6019,34455666.6
6020,25996278.3
6021,36804766.1
6022,25450783.1
6023,14400937.3
6024,22691995.3
6025,16599822.9
6026,136702210.2
6027,26241570.6
6028,122035772.1
6029,29991732.6
6030,216850887.1
6031,94860382.3
6032,22734655.6
6033,72306051.1
6034,29942386.8
6035,277236928.2
6036,34473454.6
6037,17094502.8
6038,31454415.0
6039,17925997.5
6040,60964540.4
6041,337081508.9
6042,29167794.2
6043,158263474.0
6044,31230235.6
6045,63136457.5
6046,31180447.7
6047,18818016.4
6048,64356433.4
6049,38715529.4
6050,27669129.6
6051,4011788.8
6052,62256552.6
6053,26428312.1
6054,5362423.2
6055,18187049.2
6056,68699349.9
6057,11524543.1
6058,69928029.5
6059,136484420.0
6060,113447070.8
6061,87714886.2
6062,31239385.0
6063,77394029.1
6064,14780538.0
6065,48025820.1
6066,124785197.0
6067,165904937.1
6068,10081527.9
6069,142409765.2
6070,187619052.3
6071,12203199.1
6072,46583302.9
6073,48848473.1
6074,30919744.4
6075,68378302.5
6076,166625680.0
6077,6194890.4
6078,66828182.1
6079,442992474.8
6080,23141721.5
6081,15752782.5
6082,25695753.6
6083,160076192.9
6084,55174925.1
6085,110329865.8
6086,23479893.7
6087,72554949.9
6088,19442660.5
6089,35585943.0
6090,181649323.6
6091,14767747.3
6092,35499167.8
6093,107934723.2
6094,133758667.8
6095,149792241.7
6096,24832543.7
6097,40035729.2
6098,75367464.3
6099,124943682.7
6100,64480143.2
6101,174294960.0
6102,74327448.2
6103,65025414.6
6104,11297236.7
6105,26570191.1
6106,19048783.9
6107,25358855.1
6108,27496003.7
6109,47896463.0
6110,104964984.9
6111,2682966.7
6112,14460216.6
6113,71650733.0
6114,71629705.8
6115,128329064.7
6116,32997708.7
6117,44674939.7
6118,139036815.2
6119,150941949.3
6120,98069057.5
6121,35261971.1
6122,155371073.4
6123,15752782.5
6124,24237330.3
6125,19144205.5
6126,42473990.2
6127,42414950.9
6128,231709685.4
6129,36436855.5
6130,23217116.6
6131,28759062.1
6132,24638978.7
6133,21297370.0
6134,124473129.4
6135,68307827.6
6136,491186721.2
6137,28977325.9
6138,19815351.8
6139,704452641.1
6140,18874857.6
6141,64043772.1
6142,14360290.4
6143,18451727.9
6144,29882311.2
6145,7674073.6
6146,71329072.9
6147,29924241.3
6148,71287691.6
6149,149025276.5
6150,213267465.9
6151,30122608.2
6152,547200622.8
6153,16481096.8
6154,14460216.6
6155,119359672.8
6156,8064925.7
6157,43762094.8
6158,128668242.2
6159,40559949.3
6160,54212760.3
6161,75857580.0
6162,25583992.5
6163,34275442.4
6164,37097283.8
6165,41271601.9
6166,107402492.9
6167,44120131.3
6168,42346907.8
6169,130827306.1
6170,26617808.5
6171,21428206.3
6172,17035241.6
6173,89233533.0
6174,98889014.3
6175,8377750.2
6176,158861338.8
6177,86202947.0
6178,27389972.6
6179,194657963.0
6180,99645761.3
6181,22085994.3
6182,412694055.3
6183,14473837.4
6184,477407393.6
6185,26477140.4
6186,23981441.0
6187,15135773.9
6188,63813861.2
6189,17505277.4
6190,60542100.6
6191,33906187.2
6192,71613730.7
6193,43278395.6
6194,3190614.3
6195,22768149.6
6196,87723173.5
6197,17770509.5
6198,100113102.4
6199,544306964.6
6200,26835310.5
6201,27899270.0
6202,149294690.7
6203,478446395.2
6204,7752343.5
6205,19682472.5
6206,66397347.8
6207,87907926.6
6208,76330815.8
6209,17480583.3
6210,24606908.4
6211,109910566.0
6212,40070534.3
6213,88507310.0
6214,25759274.4
6215,29972908.4
6216,95773256.8
6217,18091346.4
6218,18627765.6
6219,103459850.7
6220,8092899.6
6221,17738439.7
6222,13770489.1
6223,65130769.9
6224,66603313.2
6225,108098454.2
6226,56163983.2
6227,20681742.9
6228,25842994.9
6229,27978899.8
6230,27631985.4
6231,93006231.2
6232,19182032.8
6233,264998482.2
6234,83805232.6
6235,87459119.2
6236,47432998.0
6237,14194619.1
6238,65394532.0
6239,160740742.1
6240,255712320.2
6241,28970204.7
6242,30435179.4
6243,8340000.9
6244,50427462.9
6245,23979300.4
6246,4011788.8
6247,372829751.0
6248,34793761.4
6249,68286779.9
6250,73840077.5
6251,63272234.6
6252,69504745.0
6253,65438879.3
6254,155215487.6
6255,27624050.5
6256,68843529.2
6257,96862072.6
6258,18699571.8
6259,20746658.8
6260,17137981.3
6261,138632120.2
6262,71147173.9
6263,103018651.5
6264,21773290.1
6265,3915047.0
6266,14888229.4
6267,121099731.8
6268,17490238.3
6269,149714294.2
6270,91744504.2
6271,142241711.1
6272,39631830.8
6273,40040768.5
6274,240810611.1
6275,63136457.5
6276,27210744.1
6277,54187569.9
6278,24207342.3
6279,70796647.6
6280,44582581.7
6281,3543659.2
6282,225856588.3
6283,95454078.6
6284,154043991.0
6285,90565054.5
6286,27874653.3
6287,26535014.1
6288,132925355.3
6289,139163466.4
6290,23731550.7
6291,104576885.9
6292,142605240.9
6293,414763039.7
6294,60870954.6
6295,225600909.0
6296,14982977.9
6297,86559548.7
6298,11530760.9
6299,17490238.3
6300,66638979.1
6301,82536575.9
6302,40422451.0
6303,15511789.9
6304,12304240.3
6305,173130647.6
6306,85226676.4
6307,13750638.8
6308,27777244.5
6309,17309215.5
6310,81629132.9
6311,27337261.4
6312,24080605.0
6313,49922635.9
6314,86190710.6
6315,39659617.7
6316,85248912.6
6317,162103987.6
6318,134001678.0
6319,55341781.7
6320,43815146.7
6321,128871621.7
6322,50505454.4
6323,41462731.6
6324,23388065.3
6325,90721656.3
6326,22818346.8
6327,30089816.1
6328,35796653.4
6329,20727863.9
6330,1952223.9
6331,154941143.0
6332,3273188.8
6333,6176223.0
6334,18338570.3
6335,124567585.0
6336,38747627.6
6337,65772082.1
6338,11138273.0
6339,22492346.6
6340,18793978.1
6341,6192368.3
6342,34013827.4
6343,61786616.4
6344,89168015.6
6345,25023594.3
6346,157190389.3
6347,108658478.8
6348,43475467.9
6349,73054455.9
6350,16875920.4
6351,173384840.8
6352,55764902.5
6353,11180503.3
6354,21774683.1
6355,36077071.4
6356,66626177.6
6357,34204784.0
6358,9990398.7
6359,31461155.5
6360,37314390.9
6361,165223207.1
6362,6220493.5
6363,15541755.3
6364,19795859.6
6365,96589488.2
6366,10985554.9
6367,12393557.2
6368,64591337.0
6369,21927148.4
6370,175698112.7
6371,22717054.6
6372,71705860.2
6373,17707770.9
6374,69187809.3
6375,123606072.1
6376,39950176.8
6377,14310332.5
6378,32110601.3
6379,166456917.3
6380,23935142.4
6381,453231747.1
6382,118894523.8
6383,113018714.2
6384,69468474.0
6385,43789151.5
6386,208468080.2
6387,8552966.6
6388,25778608.5
6389,16058188.0
6390,85863969.4
6391,6637286.3
6392,26919786.9
6393,216927189.6
6394,138484100.3
6395,25284061.1
6396,2796140.8
6397,11529181.7
6398,23248381.2
6399,12642608.4
6400,46278291.2
6401,32975242.7
6402,43475467.9
6403,31293775.4
6404,19445966.5
6405,19524028.1
6406,10033686.7
6407,33942753.7
6408,87497284.0
6409,100269304.4
6410,22138305.7
6411,18793978.1
6412,25797302.2
6413,50120062.6
6414,508287471.7
6415,21880261.1
6416,3282740.8
6417,114212422.7
6418,72899751.3
6419,59961864.1
6420,53949126.9
6421,75716059.3
6422,19924887.2
6423,18467878.2
6424,95515036.0
6425,73052054.5
6426,14262156.8
6427,31808745.7
6428,9920925.8
6429,83897333.1
6430,118755550.6
6431,150140052.4
6432,160730827.4
6433,55228901.5
6434,26707171.0
6435,96564380.6
6436,66683096.1
6437,26197753.2
6438,69798873.4
6439,44178195.1
6440,102273996.4
6441,29362089.0
6442,16582488.2
6443,11728051.5
6444,14469129.6
6445,404686103.3
6446,185319566.6
6447,26463695.6
6448,16813930.5
6449,57160023.9
6450,66732274.7
6451,33727721.3
6452,48973645.3
6453,76636515.6
6454,82869458.6
6455,32623989.1
6456,36020101.3
6457,114932617.2
6458,13215361.6
6459,37183527.7
6460,89947540.5
6461,109197447.2
6462,137756199.3
6463,20772602.9
6464,10218397.5
6465,21054198.8
6466,44394383.6
6467,25416683.0
6468,25882748.3
6469,29572398.2
6470,9815690.3
6471,14771782.9
6472,64356433.4
6473,29756005.8
6474,25778608.5
6475,12229388.5
6476,324666209.2
6477,91261442.2
6478,38688395.9
6479,386170540.1
6480,92221227.4
6481,42408018.1
6482,30099958.9
6483,19524028.1
6484,155215487.6
6485,69468474.0
6486,11712736.7
6487,126997916.2
6488,74373873.9
6489,11589660.2
6490,15420412.9
6491,38715375.9
6492,35682521.6
6493,55242015.1
6494,125171460.7
6495,21230236.5
6496,339039084.1
6497,186429558.8
6498,49866783.0
6499,52112377.5
6500,20120770.2
6501,6240825.4
6502,120559742.5
6503,29356557.6
6504,10145020.0
6505,80414683.2
6506,15306868.1
6507,14373093.6
6508,121356140.6
6509,26739664.0
6510,28060409.6
6511,18635804.6
6512,18260770.7
6513,32266540.8
6514,11828965.2
6515,251957414.2
6516,82850564.6
6517,3295103.4
6518,70255135.4
6519,103669655.1
6520,32262477.7
6521,230150475.4
6522,95605208.3
6523,67599184.2
6524,91051538.1
6525,97456164.5
6526,447349738.4
6527,27045792.7
6528,65926162.4
6529,13907423.7
6530,85728779.1
6531,44791148.9
6532,33431973.1
6533,11920965.7
6534,336686966.0
6535,34285710.4
6536,40482291.7
6537,65730054.5
6538,113447070.8
6539,150546031.3
6540,70583508.9
6541,126980275.1
6542,27056686.8
6543,17209856.1
6544,24876375.2
6545,74625466.3
6546,454991869.8
6547,1237078.4
6548,67477163.4
6549,81173387.5
6550,64448867.2
6551,66247836.8
6552,70011333.3
6553,9732770.4
6554,82444291.4
6555,67031060.3
6556,122083724.2
6557,19445966.5
6558,70218167.4
6559,100919437.7
6560,256130803.5
6561,15941488.6
6562,77896145.4
6563,8028000.3
6564,33617236.4
6565,23652498.3
6566,71543064.8
6567,15670511.5
6568,63483416.2
6569,13229722.9
6570,56771083.0
6571,32011530.3
6572,16490971.5
6573,58756138.7
6574,98073812.8
6575,31704956.3
6576,95644059.1
6577,27485407.9
6578,66966208.9
6579,10641271.6
6580,2415620.1
6581,61264773.4
6582,11607925.4
6583,24639543.9
6584,11136636.6
6585,70552493.1
6586,75857164.0
6587,50141073.3
6588,14993548.3
6589,87006313.3
6590,99401614.4
6591,44529077.9
6592,189948931.4
6593,88954425.7
6594,104675245.5
6595,36077071.4
6596,150140052.4
6597,26848246.4
6598,22028376.4
6599,17671412.1
6600,18818016.4
6601,35333330.9
6602,480374226.1
6603,47859886.2
6604,39150017.2
6605,127425229.7
6606,17874717.8
6607,59064199.8
6608,20290417.6
6609,19404737.3
6610,79373847.1
6611,15826745.0
6612,496554242.1
6613,65459997.7
6614,222094794.0
6615,21599742.2
6616,89597345.2
6617,100046911.8
6618,95042367.3
6619,37733290.3
6620,21992097.2
6621,37424764.4
6622,94743904.8
6623,234192975.3
6624,153338451.5
6625,108098559.3
6626,39334233.1
6627,113679439.3
6628,23643287.4
6629,19929228.1
6630,9875806.9
6631,12708443.3
6632,23097138.5
6633,31998949.8
6634,61735057.9
6635,26773998.4
6636,242491167.2
6637,59102416.5
6638,3912274.8
6639,23601737.5
6640,33785656.6
6641,215976431.1
6642,295161101.7
6643,19737387.8
6644,20023572.8
6645,132774865.6
6646,52513914.1
6647,19182032.8
6648,122151234.6
6649,28559005.8
6650,16695618.9
6651,99152847.5
6652,38894462.1
6653,76047260.6
6654,155716058.6
6655,23839192.2
6656,11406033.8
6657,91012799.4
6658,16854910.1
6659,22640616.2
6660,15907533.0
6661,29269235.3
6662,30733089.4
6663,400129860.9
6664,15545103.6
6665,22324545.3
6666,65149438.6
6667,206763482.7
6668,25317251.0
6669,68498440.2
6670,28196227.7
6671,87895279.9
6672,68559120.9
6673,146929282.9
6674,444734857.2
6675,70013799.2
6676,11712216.7
6677,14787662.2
6678,40451199.8
6679,302968110.9
6680,29728917.8
6681,533583205.0
6682,141526443.3
6683,59757491.8
6684,19182032.8
6685,28893141.1
6686,67803977.3
6687,79721837.2
6688,71217661.3
6689,63391752.1
6690,216305834.0
6691,21845344.6
6692,325157558.7
6693,127578061.7
6694,52072403.9
6695,43039328.5
6696,94110724.2
6697,15806745.0
6698,71650733.0
6699,225163645.8
6700,232682005.6
6701,81564224.9
6702,52917742.4
6703,29922211.9
6704,32096635.0
6705,103369507.6
6706,91770888.4
6707,88103176.9
6708,46403417.5
6709,25028883.2
6710,84187287.0
6711,31519936.4
6712,142352255.5
6713,18574381.1
6714,27894050.3
6715,26629359.5
6716,58827586.6
6717,242593174.9
6718,35736161.4
6719,56609620.6
6720,17070312.0
6721,77445465.7
6722,41280962.6
6723,119831834.7
6724,84724680.8
6725,25028883.2
6726,73923842.1
6727,23923293.6
6728,35413240.2
6729,20932399.3
6730,37394259.9
6731,27221109.0
6732,30966892.8
6733,73208263.6
6734,34915891.3
6735,113203223.4
6736,30205281.2
6737,31903543.9
6738,16736715.6
6739,13175742.9
6740,10145744.2
6741,11541693.6
6742,45226104.4
6743,128251277.0
6744,49381985.0
6745,19353283.2
6746,100575490.4
6747,43088039.0
6748,17613922.2
6749,3173839.5
6750,21835220.7
6751,68948149.5
6752,94661513.7
6753,64957528.7
6754,95326542.2
6755,6686473.7
6756,184649324.6
6757,46379970.8
6758,38563679.6
6759,117712790.6
6760,106366439.8
6761,56260237.1
6762,24225668.7
6763,53058960.4
6764,13486629.2
6765,166767326.1
6766,10540731.6
6767,87670649.4
6768,124597045.3
6769,17203421.4
6770,22570781.1
6771,29026460.5
6772,29553044.4
6773,122326204.0
6774,292570451.6
6775,441170875.0
6776,18740941.6
6777,53021001.2
6778,113860516.5
6779,84897937.2
6780,109708438.1
6781,22070601.6
6782,126440787.3
6783,81748369.0
6784,30539543.9
6785,74708268.5
6786,31715232.9
6787,51378163.3
6788,20746658.8
6789,31428645.9
6790,20214950.5
6791,56380480.2
6792,227324463.2
6793,89059887.2
6794,19442660.5
6795,26617808.5
6796,432446346.9
6797,20247258.3
6798,60907431.8
6799,20671188.2
6800,135336631.2
6801,149449999.4
6802,31281238.6
6803,191309301.3
6804,22965018.1
6805,85243449.8
6806,31662932.2
6807,52081617.1
6808,31337454.3
6809,37953354.8
6810,9232666.6
6811,111557620.6
6812,22815111.0
6813,88173063.7
6814,5249767.6
6815,21710148.9
6816,16375840.5
6817,23731550.7
6818,30606083.0
6819,142874136.3
6820,141460956.3
6821,50534152.8
6822,66444694.2
6823,100222761.6
6824,150185364.9
6825,48839526.9
6826,67586463.5
6827,12699549.7
6828,25859153.7
6829,20931500.3
6830,29336182.9
6831,92435345.7
6832,105204675.4
6833,31048493.8
6834,4135867.7
6835,102693184.5
6836,5941153.0
6837,116254159.4
6838,9559922.3
6839,38548924.9
6840,87698360.3
6841,54800042.2
6842,36291906.7
6843,7551684.7
6844,112665763.9
6845,69520661.2
6846,74423185.2
6847,20159387.4
6848,34831851.9
6849,32657799.4
6850,112944806.4
6851,64268641.0
6852,11899728.9
6853,23768492.7
6854,77822609.8
6855,72436133.0
6856,3420658.2
6857,44279639.0
6858,34290830.9
6859,116483426.3
6860,65649940.7
6861,37579132.7
6862,86123271.6
6863,223478528.2
6864,41053075.6
6865,31871110.8
6866,98905783.3
6867,56835553.9
6868,600109999.3
6869,67960250.3
6870,11379938.8
6871,72683144.5
6872,17506063.2
6873,39925776.7
6874,73871203.8
6875,11387260.2
6876,90975247.6
6877,63553948.6
6878,30410683.0
6879,27980324.3
6880,40308063.6
6881,25930577.4
6882,139755056.7
6883,89458477.3
6884,31693123.8
6885,25932672.5
6886,8650862.5
6887,70832353.4
6888,83144003.3
6889,19788791.4
6890,19838533.1
6891,120987932.4
6892,131556954.6
6893,228419864.6
6894,90827260.2
6895,13033798.7
6896,32899914.3
6897,23177920.7
6898,50715699.8
6899,14709117.8
6900,55273363.2
6901,113447070.8
6902,22614367.6
6903,33409429.0
6904,160904250.2
6905,68836239.3
6906,119219046.2
6907,47475402.1
6908,19070126.5
6909,19182032.8
6910,26832414.9
6911,15828573.9
6912,33916604.6
6913,364590595.1
6914,350229662.5
6915,26805955.1
6916,44068341.6
6917,472782492.3
6918,59902045.1
6919,11420024.9
6920,86203348.8
6921,247644042.9
6922,43222235.0
6923,26224221.8
6924,19788791.4
6925,12213248.4
6926,10961187.4
6927,26848246.4
6928,84614153.3
6929,65759375.7
6930,162368935.9
6931,32199816.2
6932,43621971.0
6933,17185709.2
6934,86511628.2
6935,31293775.4
6936,76726385.8
6937,180286593.6
6938,11684009.2
6939,20818751.5
6940,135374837.7
6941,72974008.3
6942,34675780.7
6943,24030127.8
6944,167255436.2
6945,40544179.6
6946,79106614.9
6947,33153317.7
6948,67490129.5
6949,69974482.4
6950,238215588.5
6951,24365629.1
6952,36142603.1
6953,50391970.4
6954,72437072.8
6955,66001773.5
6956,12348529.0
6957,9752095.7
6958,12423552.3
6959,40021899.4
6960,77953190.2
6961,108116371.5
6962,151082055.5
6963,61721162.1
6964,62751989.5
6965,22096139.6
6966,100141099.9
6967,189966545.3
6968,21596227.7
6969,2412584.8
6970,39205383.3
6971,96626839.9
6972,15077968.1
6973,149441563.1
6974,88099364.2
6975,18333607.8
6976,49506320.4
6977,24173107.3
6978,12317866.0
6979,72651890.6
6980,70340377.5
6981,34419911.3
6982,147021470.7
6983,22768149.6
6984,107787413.9
6985,224794248.1
6986,94577280.1
6987,18915223.9
6988,52656695.5
6989,18530216.6
6990,230191085.1
6991,26097149.2
6992,32830083.5
6993,19576956.3
6994,17506063.2
6995,37931094.0
6996,34402584.9
6997,15052791.7
6998,24841517.5
6999,72625876.0
7000,12832412.7
7001,16138580.7
7002,30458183.2
7003,22359682.9
7004,25609959.8
7005,20004157.9
7006,12311835.9
7007,69894918.8
7008,71789473.5
7009,36204911.7
7010,67860968.5
7011,17468895.8
7012,10529525.9
7013,5211982.0
7014,5100727.6
7015,123906921.0
7016,261814697.7
7017,25907039.6
7018,12304240.3
7019,59290408.9
7020,48985967.3
7021,52547532.9
7022,71383652.2
7023,76357337.4
7024,26219037.0
7025,14714757.8
7026,267786738.3
7027,88650392.6
7028,26076575.0
7029,77746404.8
7030,64991047.7
7031,76169344.1
7032,18093180.5
7033,15371228.5
7034,18663549.0
7035,40774293.8
7036,31363823.6
7037,37716278.5
7038,81891706.2
7039,142585258.8
7040,52544199.7
7041,100136929.2
7042,87254746.9
7043,4950525.5
7044,106283541.7
7045,86158633.2
7046,92192630.8
7047,176316504.9
7048,52656695.5
7049,98629811.1
7050,23731550.7
7051,55401275.7
7052,68629233.0
7053,22229566.1
7054,58496124.1
7055,46560865.5
7056,312125071.6
7057,94023978.2
7058,30435179.4
7059,74988641.1
7060,39065867.9
7061,50759859.2
7062,77405559.3
7063,14360290.4
7064,141648978.4
7065,65917441.3
7066,24837389.1
7067,17671412.1
7068,30004719.0
7069,10491887.4
7070,121326014.9
7071,132834809.9
7072,10540731.6
7073,45611575.7
7074,26537645.9
7075,50721781.7
7076,89779988.6
7077,73405847.0
7078,113589622.4
7079,14151293.2
7080,25768589.2
7081,85577273.5
7082,13215361.6
7083,17859242.9
7084,64500464.6
7085,16591122.9
7086,20218899.8
7087,192589891.5
7088,136300134.0
7089,22401220.0
7090,26802481.5
7091,27226137.0
7092,250596133.2
7093,93973999.2
7094,54375497.0
7095,34660156.4
7096,63589188.9
7097,114260439.0
7098,41576085.1
7099,108121271.2
7100,27105826.0
7101,54267451.6
7102,26857893.9
7103,34713914.7
7104,66315786.8
7105,92328474.4
7106,46627714.6
7107,126533647.1
7108,24945213.8
7109,103617125.5
7110,20023572.8
7111,23870023.9
7112,105168422.5
7113,107491125.5
7114,38002213.5
7115,15954646.6
7116,27796845.0
7117,30937786.0
7118,26928708.2
7119,145446038.9
7120,8024051.0
7121,25757556.4
7122,11319193.1
7123,16202996.6
7124,377283478.9
7125,60326712.8
7126,289903741.1
7127,55485522.2
7128,33679446.1
7129,39348780.3
7130,76556377.4
7131,42592840.0
7132,41609905.9
7133,150445532.9
7134,97880079.9
7135,165453910.7
7136,80764161.2
7137,96452169.0
7138,57563738.4
7139,10848916.3
7140,151678535.1
7141,19748246.4
7142,76262318.9
7143,81499418.4
7144,9651653.4
7145,87008399.2
7146,33270936.8
7147,99061426.0
7148,118222950.9
7149,16672823.1
7150,21384863.9
7151,45153090.6
7152,180819883.8
7153,25054650.3
7154,84415259.6
7155,140215374.9
7156,71218158.4
7157,79301519.6
7158,32732451.3
7159,28146162.7
7160,33672869.4
7161,44470957.7
7162,429074196.5
7163,76993383.1
7164,9790896.5
7165,134360705.6
7166,41616385.2
7167,22017745.0
7168,10648787.7
7169,10846761.7
7170,26155209.4
7171,40517396.0
7172,16599822.9
7173,31849455.3
7174,35180933.8
7175,13371967.3
7176,34183618.0
7177,71301925.4
7178,73607463.5
7179,134946928.3
7180,20165328.0
7181,11702606.9
7182,88154967.8
7183,21797222.1
7184,704452641.1
7185,14008500.8
7186,88578172.0
7187,116882975.6
7188,99062697.8
7189,40559949.3
7190,16065794.5
7191,25844005.6
7192,37202731.1
7193,59496093.7
7194,460675224.4
7195,89396855.7
7196,16604468.5
7197,32226188.6
7198,29682781.6
7199,24741665.9
7200,148533300.6
7201,31102505.5
7202,82781744.2
7203,22191030.9
7204,83029471.1
7205,227465499.8
7206,101453798.4
7207,491186721.2
7208,79652115.6
7209,25933938.1
7210,15799991.6
7211,14239914.1
7212,155609354.5
7213,80601060.5
7214,324765346.2
7215,73644357.7
7216,144495360.7
7217,20889561.1
7218,96842501.4
7219,25376375.3
7220,98578845.3
7221,70752480.3
7222,57414418.2
7223,25732135.2
7224,14215555.5
7225,10958926.2
7226,52464268.5
7227,71280911.4
7228,29923571.5
7229,95089880.7
7230,10472304.7
7231,33254548.6
7232,223200879.7
7233,58386359.7
7234,301000106.8
7235,55472718.1
7236,73371408.8
7237,49420701.2
7238,26224221.8
7239,657219778.2
7240,68499372.7
7241,152632502.3
7242,40788764.0
7243,26222129.1
7244,73166366.8
7245,19282209.4
7246,9513454.8
7247,59488296.4
7248,81497931.6
7249,31709125.8
7250,17005766.8
7251,71700347.5
7252,56932285.9
7253,50465686.2
7254,83218323.9
7255,23217116.6
7256,17760521.6
7257,44066669.2
7258,63532338.1
7259,20114653.3
7260,25844005.6
7261,236477098.7
7262,17011972.3
7263,98287027.9
7264,8733806.3
7265,65610667.7
7266,100689166.4
7267,23643287.4
7268,12672627.9
7269,110044654.0
7270,266889389.8
7271,14025606.8
7272,28269372.5
7273,10311646.3
7274,33839110.8
7275,82112113.2
7276,24125162.8
7277,139667755.6
7278,232150983.1
7279,133871166.1
7280,230352334.7
7281,58580040.4
7282,69784283.6
7283,122689433.1
7284,26840753.0
7285,74566723.0
7286,159580805.3
7287,65024283.3
7288,28966203.8
7289,61455696.8
7290,78916583.3
7291,53177460.4
7292,4009627.2
7293,54589738.0
7294,35482348.7
7295,76169344.1
7296,19924887.2
7297,67793454.4
7298,34261693.3
7299,30064484.8
7300,16718167.3
7301,84829648.0
7302,8623648.3
7303,3805535.5
7304,29874028.3
7305,24837389.1
7306,329505291.2
7307,28972366.3
7308,26143238.9
7309,42062058.8
7310,30414740.0
7311,30679981.8
7312,113853472.2
7313,139985233.0
7314,11734858.6
7315,30891841.0
7316,14441492.1
7317,31615646.2
7318,89108510.0
7319,21936517.4
7320,182702621.4
7321,28120788.1
7322,39336823.1
7323,86123271.6
7324,34063046.8
7325,281212081.5
7326,160046956.1
7327,18661206.6
7328,47965475.0
7329,117555245.0
7330,216455223.6
7331,85217193.6
7332,80818043.3
7333,89518268.1
7334,25821140.9
7335,79986862.1
7336,70854562.0
7337,9966846.3
7338,77380613.2
7339,84440451.0
7340,11421556.3
7341,29182942.3
7342,81908410.8
7343,33116665.4
7344,15086650.2
7345,33560658.7
7346,31454927.7
7347,30161530.1
7348,35038818.7
7349,55774222.9
7350,68329103.5
7351,91217494.6
7352,23731099.7
7353,25923768.8
7354,3732468.3
7355,138116313.2
7356,132534067.0
7357,25933938.1
7358,33481399.4
7359,80672862.2
7360,93673111.6
7361,29182942.3
7362,228224040.6
7363,518294227.3
7364,18138205.0
7365,114804908.3
7366,63878439.4
7367,33404421.1
7368,26708311.5
7369,104395338.0
7370,82636267.2
7371,31842671.4
7372,118026711.2
7373,306155344.2
7374,33924610.7
7375,59106156.6
7376,15052791.7
7377,42417525.5
7378,130519941.6
7379,73248104.3
7380,29553044.4
7381,10049809.6
7382,16008395.6
7383,3514399.3
7384,67730676.3
7385,71496641.3
7386,80548826.1
7387,32559918.7
7388,33855485.4
7389,7335038.3
7390,17859242.9
7391,8847188.1
7392,48360184.0
7393,529672278.3
7394,76553164.2
7395,63058614.4
7396,72489470.6
7397,85368592.1
7398,10595662.6
